X,Y,ID,Geo_ID,Accident_Year,Accident_Date,Accident_Time,Location,Location_Type,Classification_Of_Accident,Initial_Impact_Type,Road_Surface_Condition,Environment_Condition,Light,Traffic_Control,Num_of_Vehicle,Num_Of_Pedestrians,Num_of_Bicycles,Num_of_Motorcycles,Max_Injury,Num_of_Injuries,Num_of_Minimal_Injuries,Num_of_Minor_Injuries,Num_of_Major_Injuries,Num_of_Fatal_Injuries,X_Coordinate,Y_Coordinate,Lat,Long,ObjectId,lat_rounded,lon_rounded,intersection_cluster,geometry,lat,lon,nearest_node
-8421520.07957314,5692615.85397975,2018--20196,7183,,2018/06/21,19:21,HEMLOCK RD @ ST. LAURENT BLVD (0007183),Intersection,02 - Non-fatal injury,05 - Turning movement,01 - Dry,01 - Clear,01 - Daylight,01 - Traffic signal,2,0,1.0,,02 - Minor,1.0,,1.0,,,371145.709,5034781.603,45.4498152,-75.65180203,20946,45.4498152,-75.651802,511,POINT (-75.651802 45.449815199999996),45.4498152,-75.651802,901463928
-8421520.07957314,5692615.85397975,2018--21174,7183,,2018/07/22,19:29,HEMLOCK RD @ ST. LAURENT BLVD (0007183),Intersection,02 - Non-fatal injury,02 - Angle,01 - Dry,01 - Clear,01 - Daylight,01 - Traffic signal,2,0,,,02 - Minor,1.0,,1.0,,,371145.709,5034781.603,45.4498152,-75.65180203,21899,45.4498152,-75.651802,511,POINT (-75.651802 45.449815199999996),45.4498152,-75.651802,901463928
-8421520.07957314,5692615.85397975,2018--24388,7183,,2018/10/29,19:34,HEMLOCK RD @ ST. LAURENT BLVD (0007183),Intersection,02 - Non-fatal injury,02 - Angle,02 - Wet,03 - Snow,07 - Dark,01 - Traffic signal,2,0,1.0,,01 - Minimal,1.0,1.0,,,,371145.709,5034781.603,45.4498152,-75.65180203,24092,45.4498152,-75.651802,511,POINT (-75.651802 45.449815199999996),45.4498152,-75.651802,901463928
-8421520.07957314,5692615.85397975,2018--25995,7183,,2018/12/05,16:45,HEMLOCK RD @ ST. LAURENT BLVD (0007183),Intersection,03 - P.D. only,03 - Rear end,04 - Slush,03 - Snow,05 - Dusk,01 - Traffic signal,2,0,,,,,,,,,371145.709,5034781.603,45.4498152,-75.65180203,25930,45.4498152,-75.651802,511,POINT (-75.651802 45.449815199999996),45.4498152,-75.651802,901463928
-8421520.07957314,5692615.85397975,2018--26265,7183,,2018/12/12,7:36,HEMLOCK RD @ ST. LAURENT BLVD (0007183),Intersection,03 - P.D. only,05 - Turning movement,01 - Dry,01 - Clear,03 - Dawn,01 - Traffic signal,2,0,,,,,,,,,371145.709,5034781.603,45.4498152,-75.65180203,26831,45.4498152,-75.651802,511,POINT (-75.651802 45.449815199999996),45.4498152,-75.651802,901463928
-8421520.07957314,5692615.85397975,2019--29105,7183,,2019/01/06,11:30,HEMLOCK RD @ ST. LAURENT BLVD (0007183),Intersection,03 - P.D. only,02 - Angle,02 - Wet,01 - Clear,01 - Daylight,01 - Traffic signal,2,0,,,,,,,,,371145.709,5034781.603,45.4498152,-75.65180203,29136,45.4498152,-75.651802,511,POINT (-75.651802 45.449815199999996),45.4498152,-75.651802,901463928
-8421520.07957314,5692615.85397975,2019--29170,7183,,2019/01/08,5:43,HEMLOCK RD @ ST. LAURENT BLVD (0007183),Intersection,03 - P.D. only,07 - SMV other,03 - Loose snow,03 - Snow,07 - Dark,01 - Traffic signal,1,0,,,,,,,,,371145.709,5034781.603,45.4498152,-75.65180203,29365,45.4498152,-75.651802,511,POINT (-75.651802 45.449815199999996),45.4498152,-75.651802,901463928
-8421520.07957314,5692615.85397975,2019--30534,7183,,2019/01/31,10:56,HEMLOCK RD @ ST. LAURENT BLVD (0007183),Intersection,03 - P.D. only,02 - Angle,05 - Packed snow,01 - Clear,01 - Daylight,01 - Traffic signal,2,0,,,,,,,,,371145.709,5034781.603,45.4498152,-75.65180203,30643,45.4498152,-75.651802,511,POINT (-75.651802 45.449815199999996),45.4498152,-75.651802,901463928
-8421520.07957314,5692615.85397975,2019--32179,7183,,2019/03/08,8:23,HEMLOCK RD @ ST. LAURENT BLVD (0007183),Intersection,02 - Non-fatal injury,02 - Angle,01 - Dry,01 - Clear,01 - Daylight,01 - Traffic signal,2,0,,,02 - Minor,1.0,,1.0,,,371145.709,5034781.603,45.4498152,-75.65180203,32850,45.4498152,-75.651802,511,POINT (-75.651802 45.449815199999996),45.4498152,-75.651802,901463928
-8421520.07957314,5692615.85397975,2019--36339,7183,,2019/07/09,16:30,HEMLOCK RD @ ST. LAURENT BLVD (0007183),Intersection,02 - Non-fatal injury,05 - Turning movement,01 - Dry,01 - Clear,01 - Daylight,01 - Traffic signal,2,0,,1.0,01 - Minimal,2.0,2.0,,,,371145.709,5034781.603,45.4498152,-75.65180203,36046,45.4498152,-75.651802,511,POINT (-75.651802 45.449815199999996),45.4498152,-75.651802,901463928
-8421520.07957314,5692615.85397975,2019--37412,7183,,2019/08/09,15:57,HEMLOCK RD @ ST. LAURENT BLVD (0007183),Intersection,02 - Non-fatal injury,04 - Sideswipe,01 - Dry,01 - Clear,01 - Daylight,01 - Traffic signal,2,0,,,02 - Minor,1.0,,1.0,,,371145.709,5034781.603,45.4498152,-75.65180203,37214,45.4498152,-75.651802,511,POINT (-75.651802 45.449815199999996),45.4498152,-75.651802,901463928
-8421520.07957314,5692615.85397975,2019--38817,7183,,2019/09/18,20:26,HEMLOCK RD @ ST. LAURENT BLVD (0007183),Intersection,03 - P.D. only,03 - Rear end,01 - Dry,01 - Clear,07 - Dark,01 - Traffic signal,2,0,,,,,,,,,371145.709,5034781.603,45.4498152,-75.65180203,38317,45.4498152,-75.651802,511,POINT (-75.651802 45.449815199999996),45.4498152,-75.651802,901463928
-8421520.07957314,5692615.85397975,2019--38139,7183,,2019/08/29,17:16,HEMLOCK RD @ ST. LAURENT BLVD (0007183),Intersection,02 - Non-fatal injury,04 - Sideswipe,01 - Dry,01 - Clear,01 - Daylight,01 - Traffic signal,2,0,1.0,,02 - Minor,1.0,,1.0,,,371145.709,5034781.603,45.4498152,-75.65180203,38516,45.4498152,-75.651802,511,POINT (-75.651802 45.449815199999996),45.4498152,-75.651802,901463928
-8421520.07957314,5692615.85397975,2019--39284,7183,,2019/09/30,13:06,HEMLOCK RD @ ST. LAURENT BLVD (0007183),Intersection,03 - P.D. only,05 - Turning movement,01 - Dry,01 - Clear,01 - Daylight,01 - Traffic signal,2,0,,,,,,,,,371145.709,5034781.603,45.4498152,-75.65180203,39550,45.4498152,-75.651802,511,POINT (-75.651802 45.449815199999996),45.4498152,-75.651802,901463928
-8421520.07957314,5692615.85397975,2019--41025,7183,,2019/11/11,17:10,HEMLOCK RD @ ST. LAURENT BLVD (0007183),Intersection,02 - Non-fatal injury,02 - Angle,03 - Loose snow,03 - Snow,07 - Dark,01 - Traffic signal,2,0,,,02 - Minor,1.0,,1.0,,,371145.709,5034781.603,45.4498152,-75.65180203,41404,45.4498152,-75.651802,511,POINT (-75.651802 45.449815199999996),45.4498152,-75.651802,901463928
-8421520.07957314,5692615.85397975,2020--51478,7183,,2020/09/12,15:52,HEMLOCK RD @ ST. LAURENT BLVD (0007183),Intersection,03 - P.D. only,04 - Sideswipe,01 - Dry,01 - Clear,01 - Daylight,01 - Traffic signal,2,0,,,,,,,,,371145.709,5034781.603,45.4498152,-75.65180203,51856,45.4498152,-75.651802,511,POINT (-75.651802 45.449815199999996),45.4498152,-75.651802,901463928
-8421520.07957314,5692615.85397975,2020--53400,7183,,2020/12/02,17:08,HEMLOCK RD @ ST. LAURENT BLVD (0007183),Intersection,02 - Non-fatal injury,07 - SMV other,02 - Wet,01 - Clear,07 - Dark,01 - Traffic signal,1,1,,,03 - Major,1.0,,,1.0,,371145.709,5034781.603,45.4498152,-75.65180203,53677,45.4498152,-75.651802,511,POINT (-75.651802 45.449815199999996),45.4498152,-75.651802,901463928
-8421520.07957314,5692615.85397975,2021--57208,7183,,2021/03/20,14:40,HEMLOCK RD @ ST. LAURENT BLVD (0007183),Intersection,02 - Non-fatal injury,05 - Turning movement,01 - Dry,01 - Clear,01 - Daylight,01 - Traffic signal,2,0,,,02 - Minor,1.0,,1.0,,,371145.709,5034781.603,45.4498152,-75.65180203,57257,45.4498152,-75.651802,511,POINT (-75.651802 45.449815199999996),45.4498152,-75.651802,901463928
-8421520.07957314,5692615.85397975,2021--58610,7183,,2021/06/16,Unknown,HEMLOCK RD @ ST. LAURENT BLVD (0007183),Intersection,03 - P.D. only,07 - SMV other,01 - Dry,01 - Clear,00 - Unknown,01 - Traffic signal,1,0,,,,,,,,,371145.709,5034781.603,45.4498152,-75.65180203,58352,45.4498152,-75.651802,511,POINT (-75.651802 45.449815199999996),45.4498152,-75.651802,901463928
-8421520.07957314,5692615.85397975,2021--61058,7183,,2021/09/26,19:05,HEMLOCK RD @ ST. LAURENT BLVD (0007183),Intersection,02 - Non-fatal injury,07 - SMV other,01 - Dry,01 - Clear,05 - Dusk,01 - Traffic signal,1,1,,,01 - Minimal,1.0,1.0,,,,371145.709,5034781.603,45.4498152,-75.65180203,61884,45.4498152,-75.651802,511,POINT (-75.651802 45.449815199999996),45.4498152,-75.651802,901463928
-8420041.73224512,5684721.51567187,2017--692,7211,,2017/01/20,3:18,SMYTH RD @ BOTSFORD ST/DAUPHIN RD (0007211),Intersection,03 - P.D. only,07 - SMV other,01 - Dry,01 - Clear,07 - Dark,01 - Traffic signal,1,0,,,,,,,,,372243.726,5029261.552,45.40004326,-75.63852181,992,45.4000433,-75.6385218,692,POINT (-75.6385218 45.4000433),45.4000433,-75.6385218,903992483
-8420041.73224512,5684721.51567187,2017--1451,7211,,2017/02/09,16:00,SMYTH RD @ BOTSFORD ST/DAUPHIN RD (0007211),Intersection,03 - P.D. only,03 - Rear end,01 - Dry,01 - Clear,01 - Daylight,01 - Traffic signal,2,0,,,,,,,,,372243.726,5029261.552,45.40004326,-75.63852181,1324,45.4000433,-75.6385218,692,POINT (-75.6385218 45.4000433),45.4000433,-75.6385218,903992483
-8420041.73224512,5684721.51567187,2017--1861,7211,,2017/02/16,8:55,SMYTH RD @ BOTSFORD ST/DAUPHIN RD (0007211),Intersection,03 - P.D. only,02 - Angle,03 - Loose snow,01 - Clear,01 - Daylight,01 - Traffic signal,2,0,,,,,,,,,372243.726,5029261.552,45.40004326,-75.63852181,1738,45.4000433,-75.6385218,692,POINT (-75.6385218 45.4000433),45.4000433,-75.6385218,903992483
-8420041.73224512,5684721.51567187,2018--18796,7211,,2018/05/09,17:45,SMYTH RD @ BOTSFORD ST/DAUPHIN RD (0007211),Intersection,02 - Non-fatal injury,03 - Rear end,01 - Dry,01 - Clear,01 - Daylight,01 - Traffic signal,3,0,,,02 - Minor,1.0,,1.0,,,372243.726,5029261.552,45.40004326,-75.63852181,18899,45.4000433,-75.6385218,692,POINT (-75.6385218 45.4000433),45.4000433,-75.6385218,903992483
-8420041.73224512,5684721.51567187,2018--24621,7211,,2018/11/05,11:34,SMYTH RD @ BOTSFORD ST/DAUPHIN RD (0007211),Intersection,03 - P.D. only,03 - Rear end,02 - Wet,01 - Clear,01 - Daylight,01 - Traffic signal,2,0,,,,,,,,,372243.726,5029261.552,45.40004326,-75.63852181,24508,45.4000433,-75.6385218,692,POINT (-75.6385218 45.4000433),45.4000433,-75.6385218,903992483
-8420041.73224512,5684721.51567187,2019--30937,7211,,2019/02/06,10:30,SMYTH RD @ BOTSFORD ST/DAUPHIN RD (0007211),Intersection,03 - P.D. only,05 - Turning movement,02 - Wet,04 - Freezing Rain,01 - Daylight,01 - Traffic signal,2,0,,,,,,,,,372243.726,5029261.552,45.40004326,-75.63852181,30484,45.4000433,-75.6385218,692,POINT (-75.6385218 45.4000433),45.4000433,-75.6385218,903992483
-8420041.73224512,5684721.51567187,2019--32356,7211,,2019/03/12,16:00,SMYTH RD @ BOTSFORD ST/DAUPHIN RD (0007211),Intersection,03 - P.D. only,05 - Turning movement,01 - Dry,01 - Clear,01 - Daylight,01 - Traffic signal,2,0,,,,,,,,,372243.726,5029261.552,45.40004326,-75.63852181,32614,45.4000433,-75.6385218,692,POINT (-75.6385218 45.4000433),45.4000433,-75.6385218,903992483
-8420041.73224512,5684721.51567187,2019--35677,7211,,2019/06/19,17:30,SMYTH RD @ BOTSFORD ST/DAUPHIN RD (0007211),Intersection,03 - P.D. only,02 - Angle,01 - Dry,01 - Clear,01 - Daylight,01 - Traffic signal,2,0,,,,,,,,,372243.726,5029261.552,45.40004326,-75.63852181,35322,45.4000433,-75.6385218,692,POINT (-75.6385218 45.4000433),45.4000433,-75.6385218,903992483
-8420041.73224512,5684721.51567187,2019--35219,7211,,2019/06/07,16:05,SMYTH RD @ BOTSFORD ST/DAUPHIN RD (0007211),Intersection,03 - P.D. only,05 - Turning movement,01 - Dry,01 - Clear,01 - Daylight,01 - Traffic signal,2,0,,,,,,,,,372243.726,5029261.552,45.40004326,-75.63852181,35601,45.4000433,-75.6385218,692,POINT (-75.6385218 45.4000433),45.4000433,-75.6385218,903992483
-8420041.73224512,5684721.51567187,2019--42076,7211,,2019/12/04,10:23,SMYTH RD @ BOTSFORD ST/DAUPHIN RD (0007211),Intersection,03 - P.D. only,04 - Sideswipe,03 - Loose snow,03 - Snow,01 - Daylight,01 - Traffic signal,2,0,,,,,,,,,372243.726,5029261.552,45.40004326,-75.63852181,42259,45.4000433,-75.6385218,692,POINT (-75.6385218 45.4000433),45.4000433,-75.6385218,903992483
-8420041.73224512,5684721.51567187,2019--42756,7211,,2019/12/18,13:32,SMYTH RD @ BOTSFORD ST/DAUPHIN RD (0007211),Intersection,02 - Non-fatal injury,02 - Angle,03 - Loose snow,03 - Snow,01 - Daylight,01 - Traffic signal,2,0,,,01 - Minimal,1.0,1.0,,,,372243.726,5029261.552,45.40004326,-75.63852181,42742,45.4000433,-75.6385218,692,POINT (-75.6385218 45.4000433),45.4000433,-75.6385218,903992483
-8420041.73224512,5684721.51567187,2020--47131,7211,,2020/02/09,19:18,SMYTH RD @ BOTSFORD ST/DAUPHIN RD (0007211),Intersection,03 - P.D. only,03 - Rear end,03 - Loose snow,03 - Snow,07 - Dark,01 - Traffic signal,2,0,,,,,,,,,372243.726,5029261.552,45.40004326,-75.63852181,47621,45.4000433,-75.6385218,692,POINT (-75.6385218 45.4000433),45.4000433,-75.6385218,903992483
-8420041.73224512,5684721.51567187,2021--59446,7211,,2021/07/23,14:19,SMYTH RD @ BOTSFORD ST/DAUPHIN RD (0007211),Intersection,02 - Non-fatal injury,05 - Turning movement,01 - Dry,01 - Clear,01 - Daylight,01 - Traffic signal,2,0,,,02 - Minor,3.0,2.0,1.0,,,372243.726,5029261.552,45.40004326,-75.63852181,59777,45.4000433,-75.6385218,692,POINT (-75.6385218 45.4000433),45.4000433,-75.6385218,903992483
-8462873.09521999,5674343.56867111,2017--1679,1689,,2017/02/14,19:30,CARP RD @ MARCH RD (0001689),Intersection,03 - P.D. only,07 - SMV other,03 - Loose snow,03 - Snow,07 - Dark,01 - Traffic signal,1,0,,,,,,,,,342164.5471,5021732.505,45.33454599,-76.02328249,1082,45.334546,-76.0232825,744,POINT (-76.0232825 45.334545999999996),45.334546,-76.0232825,959906859
-8462873.09521999,5674343.56867111,2017--4075,1689,,2017/04/30,15:52,CARP RD @ MARCH RD (0001689),Intersection,02 - Non-fatal injury,02 - Angle,02 - Wet,02 - Rain,01 - Daylight,01 - Traffic signal,2,0,,,02 - Minor,1.0,,1.0,,,342164.5471,5021732.505,45.33454599,-76.02328249,4615,45.334546,-76.0232825,744,POINT (-76.0232825 45.334545999999996),45.334546,-76.0232825,959906859
-8462873.09521999,5674343.56867111,2017--8097,1689,,2017/09/13,8:54,CARP RD @ MARCH RD (0001689),Intersection,02 - Non-fatal injury,02 - Angle,01 - Dry,01 - Clear,01 - Daylight,01 - Traffic signal,2,0,,,01 - Minimal,2.0,2.0,,,,342164.5471,5021732.505,45.33454599,-76.02328249,8977,45.334546,-76.0232825,744,POINT (-76.0232825 45.334545999999996),45.334546,-76.0232825,959906859
-8462873.09521999,5674343.56867111,2017--9139,1689,,2017/10/13,16:11,CARP RD @ MARCH RD (0001689),Intersection,03 - P.D. only,05 - Turning movement,01 - Dry,01 - Clear,01 - Daylight,01 - Traffic signal,2,0,,,,,,,,,342164.5471,5021732.505,45.33454599,-76.02328249,9522,45.334546,-76.0232825,744,POINT (-76.0232825 45.334545999999996),45.334546,-76.0232825,959906859
-8462873.09521999,5674343.56867111,2018--15581,1689,,2018/01/29,9:07,CARP RD @ MARCH RD (0001689),Intersection,03 - P.D. only,02 - Angle,01 - Dry,01 - Clear,01 - Daylight,01 - Traffic signal,2,0,,,,,,,,,342164.5471,5021732.505,45.33454599,-76.02328249,15812,45.334546,-76.0232825,744,POINT (-76.0232825 45.334545999999996),45.334546,-76.0232825,959906859
-8462873.09521999,5674343.56867111,2018--19010,1689,,2018/05/16,17:00,CARP RD @ MARCH RD (0001689),Intersection,03 - P.D. only,05 - Turning movement,01 - Dry,01 - Clear,01 - Daylight,01 - Traffic signal,2,0,,,,,,,,,342164.5471,5021732.505,45.33454599,-76.02328249,19206,45.334546,-76.0232825,744,POINT (-76.0232825 45.334545999999996),45.334546,-76.0232825,959906859
-8462873.09521999,5674343.56867111,2018--22105,1689,,2018/08/26,9:49,CARP RD @ MARCH RD (0001689),Intersection,03 - P.D. only,07 - SMV other,01 - Dry,01 - Clear,01 - Daylight,01 - Traffic signal,1,0,,,,,,,,,342164.5471,5021732.505,45.33454599,-76.02328249,22130,45.334546,-76.0232825,744,POINT (-76.0232825 45.334545999999996),45.334546,-76.0232825,959906859
-8462873.09521999,5674343.56867111,2018--22221,1689,,2018/08/30,14:42,CARP RD @ MARCH RD (0001689),Intersection,03 - P.D. only,02 - Angle,01 - Dry,01 - Clear,01 - Daylight,01 - Traffic signal,2,0,,,,,,,,,342164.5471,5021732.505,45.33454599,-76.02328249,22379,45.334546,-76.0232825,744,POINT (-76.0232825 45.334545999999996),45.334546,-76.0232825,959906859
-8462873.09521999,5674343.56867111,2018--23410,1689,,2018/10/02,17:45,CARP RD @ MARCH RD (0001689),Intersection,03 - P.D. only,05 - Turning movement,02 - Wet,02 - Rain,05 - Dusk,01 - Traffic signal,2,0,,,,,,,,,342164.5471,5021732.505,45.33454599,-76.02328249,23223,45.334546,-76.0232825,744,POINT (-76.0232825 45.334545999999996),45.334546,-76.0232825,959906859
-8462873.09521999,5674343.56867111,2018--26694,1689,,2018/12/20,1:18,CARP RD @ MARCH RD (0001689),Intersection,03 - P.D. only,07 - SMV other,01 - Dry,01 - Clear,07 - Dark,01 - Traffic signal,1,0,,,,,,,,,342164.5471,5021732.505,45.33454599,-76.02328249,26236,45.334546,-76.0232825,744,POINT (-76.0232825 45.334545999999996),45.334546,-76.0232825,959906859
-8462873.09521999,5674343.56867111,2019--30531,1689,,2019/01/31,10:14,CARP RD @ MARCH RD (0001689),Intersection,03 - P.D. only,02 - Angle,01 - Dry,01 - Clear,01 - Daylight,01 - Traffic signal,3,0,,,,,,,,,342164.5471,5021732.505,45.33454599,-76.02328249,30629,45.334546,-76.0232825,744,POINT (-76.0232825 45.334545999999996),45.334546,-76.0232825,959906859
-8462873.09521999,5674343.56867111,2019--31484,1689,,2019/02/19,6:27,CARP RD @ MARCH RD (0001689),Intersection,03 - P.D. only,02 - Angle,01 - Dry,01 - Clear,03 - Dawn,01 - Traffic signal,2,0,,,,,,,,,342164.5471,5021732.505,45.33454599,-76.02328249,31864,45.334546,-76.0232825,744,POINT (-76.0232825 45.334545999999996),45.334546,-76.0232825,959906859
-8462873.09521999,5674343.56867111,2019--38390,1689,,2019/09/06,15:41,CARP RD @ MARCH RD (0001689),Intersection,03 - P.D. only,07 - SMV other,02 - Wet,02 - Rain,01 - Daylight,01 - Traffic signal,1,0,,,,,,,,,342164.5471,5021732.505,45.33454599,-76.02328249,38960,45.334546,-76.0232825,744,POINT (-76.0232825 45.334545999999996),45.334546,-76.0232825,959906859
-8462873.09521999,5674343.56867111,2020--49364,1689,,2020/05/26,7:41,CARP RD @ MARCH RD (0001689),Intersection,03 - P.D. only,03 - Rear end,01 - Dry,01 - Clear,01 - Daylight,01 - Traffic signal,2,0,,,,,,,,,342164.5471,5021732.505,45.33454599,-76.02328249,49076,45.334546,-76.0232825,744,POINT (-76.0232825 45.334545999999996),45.334546,-76.0232825,959906859
-8462873.09521999,5674343.56867111,2020--49413,1689,,2020/05/29,10:52,CARP RD @ MARCH RD (0001689),Intersection,02 - Non-fatal injury,02 - Angle,01 - Dry,01 - Clear,01 - Daylight,01 - Traffic signal,2,0,,,03 - Major,1.0,,,1.0,,342164.5471,5021732.505,45.33454599,-76.02328249,49913,45.334546,-76.0232825,744,POINT (-76.0232825 45.334545999999996),45.334546,-76.0232825,959906859
-8462873.09521999,5674343.56867111,2020--53576,1689,,2020/12/09,9:15,CARP RD @ MARCH RD (0001689),Intersection,03 - P.D. only,03 - Rear end,04 - Slush,03 - Snow,01 - Daylight,01 - Traffic signal,2,0,,,,,,,,,342164.5471,5021732.505,45.33454599,-76.02328249,53405,45.334546,-76.0232825,744,POINT (-76.0232825 45.334545999999996),45.334546,-76.0232825,959906859
-8429476.63461161,5682014.91980056,2017--1431,6792,,2017/02/10,7:52,FISHER AVE @ SHILLINGTON AVE (0006792),Intersection,03 - P.D. only,05 - Turning movement,02 - Wet,03 - Snow,01 - Daylight,01 - Traffic signal,3,0,,,,,,,,,365626.7011,5027296.541,45.38296871,-75.72327698,1281,45.3829687,-75.723277,174,POINT (-75.72327700000001 45.38296869999999),45.38296869999999,-75.72327700000001,900992279
-8429476.63461161,5682014.91980056,2017--9492,6792,,2017/10/24,22:23,FISHER AVE @ SHILLINGTON AVE (0006792),Intersection,03 - P.D. only,03 - Rear end,02 - Wet,02 - Rain,07 - Dark,01 - Traffic signal,2,0,,,,,,,,,365626.7011,5027296.541,45.38296871,-75.72327698,9889,45.3829687,-75.723277,174,POINT (-75.72327700000001 45.38296869999999),45.38296869999999,-75.72327700000001,900992279
-8429476.63461161,5682014.91980056,2017--12396,6792,,2017/12/28,13:51,FISHER AVE @ SHILLINGTON AVE (0006792),Intersection,03 - P.D. only,03 - Rear end,01 - Dry,01 - Clear,01 - Daylight,01 - Traffic signal,2,0,,,,,,,,,365626.7011,5027296.541,45.38296871,-75.72327698,12963,45.3829687,-75.723277,174,POINT (-75.72327700000001 45.38296869999999),45.38296869999999,-75.72327700000001,900992279
-8429476.63461161,5682014.91980056,2018--17686,6792,,2018/03/29,8:45,FISHER AVE @ SHILLINGTON AVE (0006792),Intersection,03 - P.D. only,03 - Rear end,01 - Dry,01 - Clear,01 - Daylight,01 - Traffic signal,2,0,,,,,,,,,365626.7011,5027296.541,45.38296871,-75.72327698,17429,45.3829687,-75.723277,174,POINT (-75.72327700000001 45.38296869999999),45.38296869999999,-75.72327700000001,900992279
-8429476.63461161,5682014.91980056,2018--17778,6792,,2018/04/02,17:32,FISHER AVE @ SHILLINGTON AVE (0006792),Intersection,03 - P.D. only,04 - Sideswipe,01 - Dry,01 - Clear,01 - Daylight,01 - Traffic signal,2,0,,,,,,,,,365626.7011,5027296.541,45.38296871,-75.72327698,17861,45.3829687,-75.723277,174,POINT (-75.72327700000001 45.38296869999999),45.38296869999999,-75.72327700000001,900992279
-8429476.63461161,5682014.91980056,2018--18679,6792,,2018/05/05,12:37,FISHER AVE @ SHILLINGTON AVE (0006792),Intersection,03 - P.D. only,03 - Rear end,01 - Dry,01 - Clear,01 - Daylight,01 - Traffic signal,2,0,,,,,,,,,365626.7011,5027296.541,45.38296871,-75.72327698,18967,45.3829687,-75.723277,174,POINT (-75.72327700000001 45.38296869999999),45.38296869999999,-75.72327700000001,900992279
-8429476.63461161,5682014.91980056,2018--19808,6792,,2018/06/10,17:37,FISHER AVE @ SHILLINGTON AVE (0006792),Intersection,02 - Non-fatal injury,03 - Rear end,01 - Dry,01 - Clear,01 - Daylight,01 - Traffic signal,2,0,,,02 - Minor,1.0,,1.0,,,365626.7011,5027296.541,45.38296871,-75.72327698,19148,45.3829687,-75.723277,174,POINT (-75.72327700000001 45.38296869999999),45.38296869999999,-75.72327700000001,900992279
-8429476.63461161,5682014.91980056,2019--30618,6792,,2019/01/31,18:30,FISHER AVE @ SHILLINGTON AVE (0006792),Intersection,03 - P.D. only,03 - Rear end,02 - Wet,01 - Clear,07 - Dark,01 - Traffic signal,2,0,,,,,,,,,365626.7011,5027296.541,45.38296871,-75.72327698,30020,45.3829687,-75.723277,174,POINT (-75.72327700000001 45.38296869999999),45.38296869999999,-75.72327700000001,900992279
-8429476.63461161,5682014.91980056,2019--34909,6792,,2019/05/30,15:37,FISHER AVE @ SHILLINGTON AVE (0006792),Intersection,03 - P.D. only,03 - Rear end,01 - Dry,01 - Clear,01 - Daylight,01 - Traffic signal,3,0,,,,,,,,,365626.7011,5027296.541,45.38296871,-75.72327698,34181,45.3829687,-75.723277,174,POINT (-75.72327700000001 45.38296869999999),45.38296869999999,-75.72327700000001,900992279
-8429476.63461161,5682014.91980056,2019--39487,6792,,2019/10/04,23:30,FISHER AVE @ SHILLINGTON AVE (0006792),Intersection,03 - P.D. only,99 - Other,01 - Dry,01 - Clear,07 - Dark,01 - Traffic signal,2,0,,,,,,,,,365626.7011,5027296.541,45.38296871,-75.72327698,39920,45.3829687,-75.723277,174,POINT (-75.72327700000001 45.38296869999999),45.38296869999999,-75.72327700000001,900992279
-8429476.63461161,5682014.91980056,2020--52499,6792,,2020/10/30,7:59,FISHER AVE @ SHILLINGTON AVE (0006792),Intersection,03 - P.D. only,03 - Rear end,01 - Dry,01 - Clear,01 - Daylight,01 - Traffic signal,3,0,,,,,,,,,365626.7011,5027296.541,45.38296871,-75.72327698,52898,45.3829687,-75.723277,174,POINT (-75.72327700000001 45.38296869999999),45.38296869999999,-75.72327700000001,900992279
-8429476.63461161,5682014.91980056,2022--72286,6792,,2022/10/08,17:54,FISHER AVE @ SHILLINGTON AVE (0006792),Intersection,03 - P.D. only,03 - Rear end,01 - Dry,01 - Clear,01 - Daylight,01 - Traffic signal,2,0,,,,,,,,,365626.7011,5027296.541,45.38296871,-75.72327698,72406,45.3829687,-75.723277,174,POINT (-75.72327700000001 45.38296869999999),45.38296869999999,-75.72327700000001,900992279
-8429476.63461161,5682014.91980056,2022--72392,6792,,2022/10/13,15:00,FISHER AVE @ SHILLINGTON AVE (0006792),Intersection,03 - P.D. only,04 - Sideswipe,01 - Dry,01 - Clear,01 - Daylight,01 - Traffic signal,2,0,,,,,,,,,365626.7011,5027296.541,45.38296871,-75.72327698,72508,45.3829687,-75.723277,174,POINT (-75.72327700000001 45.38296869999999),45.38296869999999,-75.72327700000001,900992279
-8437789.52111373,5677438.91378149,2017--1434,2741,,2017/02/10,8:20,GRENON AVE @ RICHMOND RD (0002741),Intersection,02 - Non-fatal injury,03 - Rear end,02 - Wet,01 - Clear,01 - Daylight,01 - Traffic signal,3,0,,,02 - Minor,1.0,,1.0,,,359806.6721,5024033.511,45.35408926,-75.79795291,1288,45.3540893,-75.7979529,143,POINT (-75.7979529 45.3540893),45.3540893,-75.7979529,899982207