X,Y,ID,Geo_ID,Accident_Year,Accident_Date,Accident_Time,Location,Location_Type,Classification_Of_Accident,Initial_Impact_Type,Road_Surface_Condition,Environment_Condition,Light,Traffic_Control,Num_of_Vehicle,Num_Of_Pedestrians,Num_of_Bicycles,Num_of_Motorcycles,Max_Injury,Num_of_Injuries,Num_of_Minimal_Injuries,Num_of_Minor_Injuries,Num_of_Major_Injuries,Num_of_Fatal_Injuries,X_Coordinate,Y_Coordinate,Lat,Long,ObjectId,lat_rounded,lon_rounded,intersection_cluster,geometry,lat,lon,nearest_node
-8437789.52111373,5677438.91378149,2017--3154,2741,,2017/03/27,15:34,GRENON AVE @ RICHMOND RD (0002741),Intersection,03 - P.D. only,01 - Approaching,02 - Wet,02 - Rain,01 - Daylight,01 - Traffic signal,2,0,,,,,,,,,359806.6721,5024033.511,45.35408926,-75.79795291,3277,45.3540893,-75.7979529,143,POINT (-75.7979529 45.3540893),45.3540893,-75.7979529,899982207
-8437789.52111373,5677438.91378149,2017--9336,2741,,2017/10/20,12:17,GRENON AVE @ RICHMOND RD (0002741),Intersection,03 - P.D. only,05 - Turning movement,01 - Dry,01 - Clear,01 - Daylight,01 - Traffic signal,2,0,,,,,,,,,359806.6721,5024033.511,45.35408926,-75.79795291,9496,45.3540893,-75.7979529,143,POINT (-75.7979529 45.3540893),45.3540893,-75.7979529,899982207
-8437789.52111373,5677438.91378149,2018--14968,2741,,2018/01/13,10:45,GRENON AVE @ RICHMOND RD (0002741),Intersection,03 - P.D. only,02 - Angle,04 - Slush,01 - Clear,01 - Daylight,01 - Traffic signal,2,0,,,,,,,,,359806.6721,5024033.511,45.35408926,-75.79795291,14592,45.3540893,-75.7979529,143,POINT (-75.7979529 45.3540893),45.3540893,-75.7979529,899982207
-8437789.52111373,5677438.91378149,2018--18361,2741,,2018/04/24,15:00,GRENON AVE @ RICHMOND RD (0002741),Intersection,03 - P.D. only,02 - Angle,01 - Dry,01 - Clear,01 - Daylight,01 - Traffic signal,2,0,,,,,,,,,359806.6721,5024033.511,45.35408926,-75.79795291,18707,45.3540893,-75.7979529,143,POINT (-75.7979529 45.3540893),45.3540893,-75.7979529,899982207
-8437789.52111373,5677438.91378149,2019--30570,2741,,2019/01/31,19:13,GRENON AVE @ RICHMOND RD (0002741),Intersection,02 - Non-fatal injury,05 - Turning movement,01 - Dry,01 - Clear,07 - Dark,01 - Traffic signal,2,0,,,02 - Minor,2.0,,2.0,,,359806.6721,5024033.511,45.35408926,-75.79795291,30818,45.3540893,-75.7979529,143,POINT (-75.7979529 45.3540893),45.3540893,-75.7979529,899982207
-8437789.52111373,5677438.91378149,2019--32992,2741,,2019/04/02,9:31,GRENON AVE @ RICHMOND RD (0002741),Intersection,02 - Non-fatal injury,03 - Rear end,01 - Dry,01 - Clear,01 - Daylight,01 - Traffic signal,2,0,,,01 - Minimal,1.0,1.0,,,,359806.6721,5024033.511,45.35408926,-75.79795291,32365,45.3540893,-75.7979529,143,POINT (-75.7979529 45.3540893),45.3540893,-75.7979529,899982207
-8437789.52111373,5677438.91378149,2020--47673,2741,,2020/02/20,15:00,GRENON AVE @ RICHMOND RD (0002741),Intersection,03 - P.D. only,04 - Sideswipe,01 - Dry,01 - Clear,01 - Daylight,01 - Traffic signal,2,0,,,,,,,,,359806.6721,5024033.511,45.35408926,-75.79795291,47782,45.3540893,-75.7979529,143,POINT (-75.7979529 45.3540893),45.3540893,-75.7979529,899982207
-8437789.52111373,5677438.91378149,2020--48402,2741,,2020/03/07,21:29,GRENON AVE @ RICHMOND RD (0002741),Intersection,03 - P.D. only,05 - Turning movement,01 - Dry,01 - Clear,07 - Dark,01 - Traffic signal,2,0,,,,,,,,,359806.6721,5024033.511,45.35408926,-75.79795291,48002,45.3540893,-75.7979529,143,POINT (-75.7979529 45.3540893),45.3540893,-75.7979529,899982207
-8437789.52111373,5677438.91378149,2021--55927,2741,,2021/01/27,12:19,GRENON AVE @ RICHMOND RD (0002741),Intersection,03 - P.D. only,03 - Rear end,02 - Wet,01 - Clear,01 - Daylight,01 - Traffic signal,2,0,,,,,,,,,359806.6721,5024033.511,45.35408926,-75.79795291,55417,45.3540893,-75.7979529,143,POINT (-75.7979529 45.3540893),45.3540893,-75.7979529,899982207
-8457170.83111455,5667795.07034755,2017--2849,5759,,2017/03/19,1:18,CARP RD @ RICHARDSON SIDE RD (0005759),Intersection,03 - P.D. only,07 - SMV other,01 - Dry,01 - Clear,07 - Dark,01 - Traffic signal,1,0,,,,,,,,,346209.563,5017160.461,45.2931781,-75.97205818,2194,45.2931781,-75.9720582,75,POINT (-75.9720582 45.2931781),45.2931781,-75.9720582,899564718
-8457170.83111455,5667795.07034755,2017--10399,5759,,2017/11/17,13:45,CARP RD @ RICHARDSON SIDE RD (0005759),Intersection,03 - P.D. only,02 - Angle,01 - Dry,01 - Clear,01 - Daylight,01 - Traffic signal,2,0,,,,,,,,,346209.563,5017160.461,45.2931781,-75.97205818,10982,45.2931781,-75.9720582,75,POINT (-75.9720582 45.2931781),45.2931781,-75.9720582,899564718
-8457170.83111455,5667795.07034755,2018--19321,5759,,2018/05/28,10:57,CARP RD @ RICHARDSON SIDE RD (0005759),Intersection,03 - P.D. only,03 - Rear end,01 - Dry,01 - Clear,01 - Daylight,01 - Traffic signal,2,0,,,,,,,,,346209.563,5017160.461,45.2931781,-75.97205818,19266,45.2931781,-75.9720582,75,POINT (-75.9720582 45.2931781),45.2931781,-75.9720582,899564718
-8457170.83111455,5667795.07034755,2018--23701,5759,,2018/10/11,15:18,CARP RD @ RICHARDSON SIDE RD (0005759),Intersection,03 - P.D. only,05 - Turning movement,02 - Wet,01 - Clear,01 - Daylight,01 - Traffic signal,2,0,,,,,,,,,346209.563,5017160.461,45.2931781,-75.97205818,23001,45.2931781,-75.9720582,75,POINT (-75.9720582 45.2931781),45.2931781,-75.9720582,899564718
-8457170.83111455,5667795.07034755,2018--24085,5759,,2018/10/20,19:39,CARP RD @ RICHARDSON SIDE RD (0005759),Intersection,03 - P.D. only,02 - Angle,01 - Dry,01 - Clear,07 - Dark,01 - Traffic signal,2,0,,,,,,,,,346209.563,5017160.461,45.2931781,-75.97205818,24350,45.2931781,-75.9720582,75,POINT (-75.9720582 45.2931781),45.2931781,-75.9720582,899564718
-8457170.83111455,5667795.07034755,2018--26073,5759,,2018/12/07,8:56,CARP RD @ RICHARDSON SIDE RD (0005759),Intersection,03 - P.D. only,02 - Angle,06 - Ice,01 - Clear,01 - Daylight,01 - Traffic signal,2,0,,,,,,,,,346209.563,5017160.461,45.2931781,-75.97205818,26875,45.2931781,-75.9720582,75,POINT (-75.9720582 45.2931781),45.2931781,-75.9720582,899564718
-8457170.83111455,5667795.07034755,2019--30988,5759,,2019/02/06,14:45,CARP RD @ RICHARDSON SIDE RD (0005759),Intersection,03 - P.D. only,02 - Angle,01 - Dry,01 - Clear,01 - Daylight,01 - Traffic signal,2,0,,,,,,,,,346209.563,5017160.461,45.2931781,-75.97205818,30535,45.2931781,-75.9720582,75,POINT (-75.9720582 45.2931781),45.2931781,-75.9720582,899564718
-8457170.83111455,5667795.07034755,2019--31813,5759,,2019/02/26,11:30,CARP RD @ RICHARDSON SIDE RD (0005759),Intersection,03 - P.D. only,03 - Rear end,01 - Dry,01 - Clear,01 - Daylight,01 - Traffic signal,2,0,,,,,,,,,346209.563,5017160.461,45.2931781,-75.97205818,31283,45.2931781,-75.9720582,75,POINT (-75.9720582 45.2931781),45.2931781,-75.9720582,899564718
-8457170.83111455,5667795.07034755,2019--32928,5759,,2019/03/30,13:36,CARP RD @ RICHARDSON SIDE RD (0005759),Intersection,03 - P.D. only,02 - Angle,02 - Wet,03 - Snow,01 - Daylight,01 - Traffic signal,2,0,,,,,,,,,346209.563,5017160.461,45.2931781,-75.97205818,32300,45.2931781,-75.9720582,75,POINT (-75.9720582 45.2931781),45.2931781,-75.9720582,899564718
-8457170.83111455,5667795.07034755,2019--33885,5759,,2019/04/30,23:08,CARP RD @ RICHARDSON SIDE RD (0005759),Intersection,02 - Non-fatal injury,02 - Angle,01 - Dry,01 - Clear,07 - Dark,01 - Traffic signal,2,0,,,02 - Minor,1.0,,1.0,,,346209.563,5017160.461,45.2931781,-75.97205818,33761,45.2931781,-75.9720582,75,POINT (-75.9720582 45.2931781),45.2931781,-75.9720582,899564718
-8457170.83111455,5667795.07034755,2019--35543,5759,,2019/06/16,15:16,CARP RD @ RICHARDSON SIDE RD (0005759),Intersection,02 - Non-fatal injury,02 - Angle,01 - Dry,01 - Clear,01 - Daylight,01 - Traffic signal,2,0,,,02 - Minor,3.0,,3.0,,,346209.563,5017160.461,45.2931781,-75.97205818,35618,45.2931781,-75.9720582,75,POINT (-75.9720582 45.2931781),45.2931781,-75.9720582,899564718
-8457170.83111455,5667795.07034755,2020--48966,5759,,2020/04/23,9:05,CARP RD @ RICHARDSON SIDE RD (0005759),Intersection,02 - Non-fatal injury,02 - Angle,01 - Dry,01 - Clear,01 - Daylight,01 - Traffic signal,2,0,,,02 - Minor,1.0,,1.0,,,346209.563,5017160.461,45.2931781,-75.97205818,48743,45.2931781,-75.9720582,75,POINT (-75.9720582 45.2931781),45.2931781,-75.9720582,899564718
-8457170.83111455,5667795.07034755,2020--52320,5759,,2020/10/22,13:20,CARP RD @ RICHARDSON SIDE RD (0005759),Intersection,03 - P.D. only,03 - Rear end,01 - Dry,01 - Clear,01 - Daylight,01 - Traffic signal,2,0,,,,,,,,,346209.563,5017160.461,45.2931781,-75.97205818,52920,45.2931781,-75.9720582,75,POINT (-75.9720582 45.2931781),45.2931781,-75.9720582,899564718
-8457170.83111455,5667795.07034755,2020--53440,5759,,2020/12/04,8:00,CARP RD @ RICHARDSON SIDE RD (0005759),Intersection,03 - P.D. only,03 - Rear end,02 - Wet,01 - Clear,01 - Daylight,01 - Traffic signal,2,0,,,,,,,,,346209.563,5017160.461,45.2931781,-75.97205818,53266,45.2931781,-75.9720582,75,POINT (-75.9720582 45.2931781),45.2931781,-75.9720582,899564718
-8457170.83111455,5667795.07034755,2021--56392,5759,,2021/02/17,9:57,CARP RD @ RICHARDSON SIDE RD (0005759),Intersection,03 - P.D. only,05 - Turning movement,02 - Wet,01 - Clear,01 - Daylight,01 - Traffic signal,2,0,,,,,,,,,346209.563,5017160.461,45.2931781,-75.97205818,56426,45.2931781,-75.9720582,75,POINT (-75.9720582 45.2931781),45.2931781,-75.9720582,899564718
-8457170.83111455,5667795.07034755,2021--58099,5759,,2021/05/16,22:45,CARP RD @ RICHARDSON SIDE RD (0005759),Intersection,03 - P.D. only,07 - SMV other,01 - Dry,01 - Clear,07 - Dark,01 - Traffic signal,1,0,,,,,,,,,346209.563,5017160.461,45.2931781,-75.97205818,58217,45.2931781,-75.9720582,75,POINT (-75.9720582 45.2931781),45.2931781,-75.9720582,899564718
-8457170.83111455,5667795.07034755,2021--62978,5759,,2021/12/01,7:40,CARP RD @ RICHARDSON SIDE RD (0005759),Intersection,03 - P.D. only,03 - Rear end,02 - Wet,01 - Clear,03 - Dawn,01 - Traffic signal,2,0,,,,,,,,,346209.563,5017160.461,45.2931781,-75.97205818,62808,45.2931781,-75.9720582,75,POINT (-75.9720582 45.2931781),45.2931781,-75.9720582,899564718
-8457170.83111455,5667795.07034755,2022--65192,5759,,2022/01/06,12:26,CARP RD @ RICHARDSON SIDE RD (0005759),Intersection,03 - P.D. only,02 - Angle,02 - Wet,01 - Clear,01 - Daylight,01 - Traffic signal,2,0,,,,,,,,,346209.563,5017160.461,45.2931781,-75.97205818,65444,45.2931781,-75.9720582,75,POINT (-75.9720582 45.2931781),45.2931781,-75.9720582,899564718
-8412270.60430885,5662437.710374,2017--2185,5817,,2017/02/28,8:52,OLD PRESCOTT RD @ PARKWAY RD (0005817),Intersection,03 - P.D. only,02 - Angle,01 - Dry,01 - Clear,01 - Daylight,01 - Traffic signal,2,0,,,,,,,,,377889.763,5013683.44,45.25931236,-75.56871258,2985,45.2593124,-75.5687126,614,POINT (-75.5687126 45.25931239999999),45.25931239999999,-75.5687126,901799631
-8412270.60430885,5662437.710374,2021--56705,5817,,2021/02/25,12:20,OLD PRESCOTT RD @ PARKWAY RD (0005817),Intersection,02 - Non-fatal injury,02 - Angle,06 - Ice,04 - Freezing Rain,01 - Daylight,01 - Traffic signal,2,0,,,02 - Minor,2.0,,2.0,,,377889.763,5013683.44,45.25931236,-75.56871258,56013,45.2593124,-75.5687126,614,POINT (-75.5687126 45.25931239999999),45.25931239999999,-75.5687126,901799631
-8412270.60430885,5662437.710374,2021--56708,5817,,2021/02/25,12:56,OLD PRESCOTT RD @ PARKWAY RD (0005817),Intersection,02 - Non-fatal injury,02 - Angle,01 - Dry,01 - Clear,01 - Daylight,01 - Traffic signal,2,0,,,01 - Minimal,1.0,1.0,,,,377889.763,5013683.44,45.25931236,-75.56871258,56110,45.2593124,-75.5687126,614,POINT (-75.5687126 45.25931239999999),45.25931239999999,-75.5687126,901799631
-8412270.60430885,5662437.710374,2022--72825,5817,,2022/11/09,16:40,OLD PRESCOTT RD @ PARKWAY RD (0005817),Intersection,03 - P.D. only,07 - SMV other,01 - Dry,01 - Clear,05 - Dusk,01 - Traffic signal,1,0,,,,,,,,,377889.763,5013683.44,45.25931236,-75.56871258,72635,45.2593124,-75.5687126,614,POINT (-75.5687126 45.25931239999999),45.25931239999999,-75.5687126,901799631
-8419343.23360985,5685281.80996116,2017--3132,8394,,2017/03/26,14:17,HAIG DR @ RUSSELL RD (0008394),Intersection,03 - P.D. only,03 - Rear end,01 - Dry,01 - Clear,01 - Daylight,01 - Traffic signal,2,0,,,,,,,,,372730.7279,5029659.555,45.40357723,-75.63224709,3255,45.4035772,-75.6322471,715,POINT (-75.6322471 45.403577199999994),45.4035772,-75.6322471,903995414
-8419343.23360985,5685281.80996116,2018--24836,8394,,2018/11/09,22:45,HAIG DR @ RUSSELL RD (0008394),Intersection,02 - Non-fatal injury,07 - SMV other,02 - Wet,03 - Snow,07 - Dark,01 - Traffic signal,1,1,,,02 - Minor,1.0,,1.0,,,372730.7279,5029659.555,45.40357723,-75.63224709,24653,45.4035772,-75.6322471,715,POINT (-75.6322471 45.403577199999994),45.4035772,-75.6322471,903995414
-8419343.23360985,5685281.80996116,2019--41922,8394,,2019/11/30,14:30,HAIG DR @ RUSSELL RD (0008394),Intersection,02 - Non-fatal injury,03 - Rear end,01 - Dry,01 - Clear,01 - Daylight,01 - Traffic signal,2,0,,,02 - Minor,1.0,,1.0,,,372730.7279,5029659.555,45.40357723,-75.63224709,41219,45.4035772,-75.6322471,715,POINT (-75.6322471 45.403577199999994),45.4035772,-75.6322471,903995414
-8419343.23360985,5685281.80996116,2020--48789,8394,,2020/04/01,18:35,HAIG DR @ RUSSELL RD (0008394),Intersection,02 - Non-fatal injury,07 - SMV other,01 - Dry,01 - Clear,01 - Daylight,01 - Traffic signal,1,1,,,02 - Minor,1.0,,1.0,,,372730.7279,5029659.555,45.40357723,-75.63224709,48863,45.4035772,-75.6322471,715,POINT (-75.6322471 45.403577199999994),45.4035772,-75.6322471,903995414
-8419343.23360985,5685281.80996116,2020--52764,8394,,2020/11/10,8:15,HAIG DR @ RUSSELL RD (0008394),Intersection,02 - Non-fatal injury,03 - Rear end,01 - Dry,01 - Clear,01 - Daylight,01 - Traffic signal,2,0,,,02 - Minor,1.0,,1.0,,,372730.7279,5029659.555,45.40357723,-75.63224709,52307,45.4035772,-75.6322471,715,POINT (-75.6322471 45.403577199999994),45.4035772,-75.6322471,903995414
-8419343.23360985,5685281.80996116,2020--52282,8394,,2020/10/20,12:40,HAIG DR @ RUSSELL RD (0008394),Intersection,03 - P.D. only,03 - Rear end,01 - Dry,01 - Clear,01 - Daylight,01 - Traffic signal,2,0,,,,,,,,,372730.7279,5029659.555,45.40357723,-75.63224709,52798,45.4035772,-75.6322471,715,POINT (-75.6322471 45.403577199999994),45.4035772,-75.6322471,903995414
-8422734.14441127,5682596.04008134,2017--4615,8082,,2017/05/18,18:21,ALTA VISTA DR @ KILBORN AVE (0008082),Intersection,03 - P.D. only,04 - Sideswipe,01 - Dry,01 - Clear,01 - Daylight,01 - Traffic signal,2,0,,,,,,,,,370365.7211,5027751.543,45.38663514,-75.66270816,4017,45.3866351,-75.6627082,707,POINT (-75.66270820000001 45.38663509999999),45.38663509999999,-75.66270820000001,903993801
-8422734.14441127,5682596.04008134,2017--8863,8082,,2017/10/04,17:12,ALTA VISTA DR @ KILBORN AVE (0008082),Intersection,03 - P.D. only,03 - Rear end,01 - Dry,01 - Clear,01 - Daylight,01 - Traffic signal,3,0,,,,,,,,,370365.7211,5027751.543,45.38663514,-75.66270816,8079,45.3866351,-75.6627082,707,POINT (-75.66270820000001 45.38663509999999),45.38663509999999,-75.66270820000001,903993801
-8422734.14441127,5682596.04008134,2017--11651,8082,,2017/12/14,11:32,ALTA VISTA DR @ KILBORN AVE (0008082),Intersection,03 - P.D. only,02 - Angle,02 - Wet,01 - Clear,01 - Daylight,01 - Traffic signal,2,0,,,,,,,,,370365.7211,5027751.543,45.38663514,-75.66270816,11624,45.3866351,-75.6627082,707,POINT (-75.66270820000001 45.38663509999999),45.38663509999999,-75.66270820000001,903993801
-8422734.14441127,5682596.04008134,2018--15083,8082,,2018/01/15,12:26,ALTA VISTA DR @ KILBORN AVE (0008082),Intersection,03 - P.D. only,02 - Angle,03 - Loose snow,01 - Clear,01 - Daylight,01 - Traffic signal,2,0,,,,,,,,,370365.7211,5027751.543,45.38663514,-75.66270816,15983,45.3866351,-75.6627082,707,POINT (-75.66270820000001 45.38663509999999),45.38663509999999,-75.66270820000001,903993801
-8422734.14441127,5682596.04008134,2018--16651,8082,,2018/02/23,13:29,ALTA VISTA DR @ KILBORN AVE (0008082),Intersection,03 - P.D. only,03 - Rear end,04 - Slush,02 - Rain,01 - Daylight,01 - Traffic signal,3,0,,,,,,,,,370365.7211,5027751.543,45.38663514,-75.66270816,16610,45.3866351,-75.6627082,707,POINT (-75.66270820000001 45.38663509999999),45.38663509999999,-75.66270820000001,903993801
-8422734.14441127,5682596.04008134,2018--25605,8082,,2018/11/26,7:56,ALTA VISTA DR @ KILBORN AVE (0008082),Intersection,02 - Non-fatal injury,05 - Turning movement,01 - Dry,01 - Clear,01 - Daylight,01 - Traffic signal,2,0,,,01 - Minimal,1.0,1.0,,,,370365.7211,5027751.543,45.38663514,-75.66270816,25005,45.3866351,-75.6627082,707,POINT (-75.66270820000001 45.38663509999999),45.38663509999999,-75.66270820000001,903993801
-8422734.14441127,5682596.04008134,2019--30016,8082,,2019/01/22,10:42,ALTA VISTA DR @ KILBORN AVE (0008082),Intersection,03 - P.D. only,03 - Rear end,01 - Dry,01 - Clear,01 - Daylight,01 - Traffic signal,2,0,,,,,,,,,370365.7211,5027751.543,45.38663514,-75.66270816,30606,45.3866351,-75.6627082,707,POINT (-75.66270820000001 45.38663509999999),45.38663509999999,-75.66270820000001,903993801
-8422734.14441127,5682596.04008134,2019--37067,8082,,2019/07/29,14:30,ALTA VISTA DR @ KILBORN AVE (0008082),Intersection,03 - P.D. only,02 - Angle,01 - Dry,01 - Clear,01 - Daylight,01 - Traffic signal,2,0,,,,,,,,,370365.7211,5027751.543,45.38663514,-75.66270816,37748,45.3866351,-75.6627082,707,POINT (-75.66270820000001 45.38663509999999),45.38663509999999,-75.66270820000001,903993801
-8422734.14441127,5682596.04008134,2019--39886,8082,,2019/10/16,7:30,ALTA VISTA DR @ KILBORN AVE (0008082),Intersection,03 - P.D. only,03 - Rear end,01 - Dry,01 - Clear,01 - Daylight,01 - Traffic signal,2,0,,,,,,,,,370365.7211,5027751.543,45.38663514,-75.66270816,39326,45.3866351,-75.6627082,707,POINT (-75.66270820000001 45.38663509999999),45.38663509999999,-75.66270820000001,903993801
-8422734.14441127,5682596.04008134,2019--42615,8082,,2019/12/14,22:20,ALTA VISTA DR @ KILBORN AVE (0008082),Intersection,03 - P.D. only,07 - SMV other,03 - Loose snow,03 - Snow,07 - Dark,01 - Traffic signal,1,0,,,,,,,,,370365.7211,5027751.543,45.38663514,-75.66270816,42317,45.3866351,-75.6627082,707,POINT (-75.66270820000001 45.38663509999999),45.38663509999999,-75.66270820000001,903993801
-8422734.14441127,5682596.04008134,2020--52243,8082,,2020/10/17,22:59,ALTA VISTA DR @ KILBORN AVE (0008082),Intersection,03 - P.D. only,03 - Rear end,01 - Dry,01 - Clear,07 - Dark,01 - Traffic signal,2,0,,,,,,,,,370365.7211,5027751.543,45.38663514,-75.66270816,52566,45.3866351,-75.6627082,707,POINT (-75.66270820000001 45.38663509999999),45.38663509999999,-75.66270820000001,903993801
-8422734.14441127,5682596.04008134,2021--58269,8082,,2021/05/27,11:55,ALTA VISTA DR @ KILBORN AVE (0008082),Intersection,03 - P.D. only,02 - Angle,01 - Dry,01 - Clear,01 - Daylight,01 - Traffic signal,2,0,,,,,,,,,370365.7211,5027751.543,45.38663514,-75.66270816,58839,45.3866351,-75.6627082,707,POINT (-75.66270820000001 45.38663509999999),45.38663509999999,-75.66270820000001,903993801
-8422734.14441127,5682596.04008134,2021--58695,8082,,2021/06/19,9:30,ALTA VISTA DR @ KILBORN AVE (0008082),Intersection,03 - P.D. only,03 - Rear end,01 - Dry,01 - Clear,01 - Daylight,01 - Traffic signal,2,0,,,,,,,,,370365.7211,5027751.543,45.38663514,-75.66270816,58993,45.3866351,-75.6627082,707,POINT (-75.66270820000001 45.38663509999999),45.38663509999999,-75.66270820000001,903993801
-8422734.14441127,5682596.04008134,2021--60826,8082,,2021/09/18,17:50,ALTA VISTA DR @ KILBORN AVE (0008082),Intersection,02 - Non-fatal injury,04 - Sideswipe,01 - Dry,01 - Clear,01 - Daylight,01 - Traffic signal,2,0,1.0,,01 - Minimal,1.0,1.0,,,,370365.7211,5027751.543,45.38663514,-75.66270816,60389,45.3866351,-75.6627082,707,POINT (-75.66270820000001 45.38663509999999),45.38663509999999,-75.66270820000001,903993801
-8422734.14441127,5682596.04008134,2022--65173,8082,,2022/01/05,14:46,ALTA VISTA DR @ KILBORN AVE (0008082),Intersection,03 - P.D. only,03 - Rear end,01 - Dry,01 - Clear,01 - Daylight,01 - Traffic signal,2,0,,,,,,,,,370365.7211,5027751.543,45.38663514,-75.66270816,65425,45.3866351,-75.6627082,707,POINT (-75.66270820000001 45.38663509999999),45.38663509999999,-75.66270820000001,903993801
-8422734.14441127,5682596.04008134,2022--71992,8082,,2022/09/28,18:20,ALTA VISTA DR @ KILBORN AVE (0008082),Intersection,03 - P.D. only,05 - Turning movement,01 - Dry,01 - Clear,01 - Daylight,01 - Traffic signal,2,0,,,,,,,,,370365.7211,5027751.543,45.38663514,-75.66270816,71992,45.3866351,-75.6627082,707,POINT (-75.66270820000001 45.38663509999999),45.38663509999999,-75.66270820000001,903993801
-8428961.32555678,5680767.75826315,2017--4863,3055,,2017/05/26,10:00,MCCOOEY LANE @ FISHER AVE (0003055),Intersection,03 - P.D. only,03 - Rear end,02 - Wet,02 - Rain,01 - Daylight,01 - Traffic signal,2,0,,,,,,,,,365997.703,5026425.534,45.37509926,-75.71864788,4164,45.3750993,-75.7186479,385,POINT (-75.7186479 45.3750993),45.3750993,-75.7186479,901066611
-8428961.32555678,5680767.75826315,2017--6185,3055,,2017/07/07,16:06,MCCOOEY LANE @ FISHER AVE (0003055),Intersection,02 - Non-fatal injury,02 - Angle,02 - Wet,02 - Rain,01 - Daylight,01 - Traffic signal,2,0,1.0,,02 - Minor,1.0,,1.0,,,365997.703,5026425.534,45.37509926,-75.71864788,6869,45.3750993,-75.7186479,385,POINT (-75.7186479 45.3750993),45.3750993,-75.7186479,901066611
-8428961.32555678,5680767.75826315,2017--9744,3055,,2017/10/31,11:00,MCCOOEY LANE @ FISHER AVE (0003055),Intersection,03 - P.D. only,03 - Rear end,01 - Dry,01 - Clear,01 - Daylight,01 - Traffic signal,2,0,,,,,,,,,365997.703,5026425.534,45.37509926,-75.71864788,9044,45.3750993,-75.7186479,385,POINT (-75.7186479 45.3750993),45.3750993,-75.7186479,901066611
-8428961.32555678,5680767.75826315,2018--24007,3055,,2018/10/19,8:10,MCCOOEY LANE @ FISHER AVE (0003055),Intersection,03 - P.D. only,03 - Rear end,01 - Dry,01 - Clear,01 - Daylight,01 - Traffic signal,2,0,,,,,,,,,365997.703,5026425.534,45.37509926,-75.71864788,24267,45.3750993,-75.7186479,385,POINT (-75.7186479 45.3750993),45.3750993,-75.7186479,901066611
-8428961.32555678,5680767.75826315,2019--36696,3055,,2019/07/19,8:00,MCCOOEY LANE @ FISHER AVE (0003055),Intersection,03 - P.D. only,03 - Rear end,01 - Dry,01 - Clear,01 - Daylight,01 - Traffic signal,2,0,,,,,,,,,365997.703,5026425.534,45.37509926,-75.71864788,36930,45.3750993,-75.7186479,385,POINT (-75.7186479 45.3750993),45.3750993,-75.7186479,901066611
-8428961.32555678,5680767.75826315,2019--37958,3055,,2019/08/24,13:10,MCCOOEY LANE @ FISHER AVE (0003055),Intersection,03 - P.D. only,03 - Rear end,01 - Dry,01 - Clear,01 - Daylight,01 - Traffic signal,3,0,,,,,,,,,365997.703,5026425.534,45.37509926,-75.71864788,37669,45.3750993,-75.7186479,385,POINT (-75.7186479 45.3750993),45.3750993,-75.7186479,901066611
-8428961.32555678,5680767.75826315,2020--48448,3055,,2020/03/07,14:10,MCCOOEY LANE @ FISHER AVE (0003055),Intersection,02 - Non-fatal injury,03 - Rear end,01 - Dry,01 - Clear,01 - Daylight,01 - Traffic signal,3,0,,,01 - Minimal,1.0,1.0,,,,365997.703,5026425.534,45.37509926,-75.71864788,48050,45.3750993,-75.7186479,385,POINT (-75.7186479 45.3750993),45.3750993,-75.7186479,901066611
-8428961.32555678,5680767.75826315,2021--58715,3055,,2021/06/20,13:33,MCCOOEY LANE @ FISHER AVE (0003055),Intersection,03 - P.D. only,03 - Rear end,01 - Dry,01 - Clear,01 - Daylight,01 - Traffic signal,2,0,,,,,,,,,365997.703,5026425.534,45.37509926,-75.71864788,58455,45.3750993,-75.7186479,385,POINT (-75.7186479 45.3750993),45.3750993,-75.7186479,901066611
-8431600.07727559,5684771.15161559,2017--4502,6124,,2017/05/15,16:51,CARLETON AVE @ SCOTT ST (0006124),Intersection,03 - P.D. only,99 - Other,01 - Dry,01 - Clear,01 - Daylight,01 - Traffic signal,2,0,,,,,,,,,364114.6929,5029214.559,45.40035634,-75.74235219,4304,45.4003563,-75.7423522,330,POINT (-75.7423522 45.400356299999984),45.400356299999984,-75.7423522,901060603
-8431600.07727559,5684771.15161559,2018--26583,6124,,2018/12/17,17:13,CARLETON AVE @ SCOTT ST (0006124),Intersection,02 - Non-fatal injury,07 - SMV other,02 - Wet,01 - Clear,07 - Dark,01 - Traffic signal,1,1,,,02 - Minor,1.0,,1.0,,,364114.6929,5029214.559,45.40035634,-75.74235219,26354,45.4003563,-75.7423522,330,POINT (-75.7423522 45.400356299999984),45.400356299999984,-75.7423522,901060603