X,Y,ID,Geo_ID,Accident_Year,Accident_Date,Accident_Time,Location,Location_Type,Classification_Of_Accident,Initial_Impact_Type,Road_Surface_Condition,Environment_Condition,Light,Traffic_Control,Num_of_Vehicle,Num_Of_Pedestrians,Num_of_Bicycles,Num_of_Motorcycles,Max_Injury,Num_of_Injuries,Num_of_Minimal_Injuries,Num_of_Minor_Injuries,Num_of_Major_Injuries,Num_of_Fatal_Injuries,X_Coordinate,Y_Coordinate,Lat,Long,ObjectId,lat_rounded,lon_rounded,intersection_cluster,geometry,lat,lon,nearest_node
-8431600.07727559,5684771.15161559,2020--48902,6124,,2020/04/16,16:05,CARLETON AVE @ SCOTT ST (0006124),Intersection,02 - Non-fatal injury,02 - Angle,01 - Dry,01 - Clear,01 - Daylight,01 - Traffic signal,2,0,1.0,,01 - Minimal,1.0,1.0,,,,364114.6929,5029214.559,45.40035634,-75.74235219,48125,45.4003563,-75.7423522,330,POINT (-75.7423522 45.400356299999984),45.400356299999984,-75.7423522,901060603
-8431600.07727559,5684771.15161559,2021--55587,6124,,2021/01/12,8:52,CARLETON AVE @ SCOTT ST (0006124),Intersection,02 - Non-fatal injury,07 - SMV other,02 - Wet,01 - Clear,01 - Daylight,01 - Traffic signal,1,1,,,02 - Minor,1.0,,1.0,,,364114.6929,5029214.559,45.40035634,-75.74235219,55953,45.4003563,-75.7423522,330,POINT (-75.7423522 45.400356299999984),45.400356299999984,-75.7423522,901060603
-8436347.5307314,5674538.57301508,2017--4716,627,,2017/05/22,8:45,GREENBANK RD @ HARRISON ST/ASHGROVE CRES (0000627),Intersection,03 - P.D. only,03 - Rear end,01 - Dry,01 - Clear,01 - Daylight,01 - Traffic signal,2,0,,,,,,,,,360839.6759,5022007.493,45.3357774,-75.78499929,4714,45.3357774,-75.7849993,137,POINT (-75.7849993 45.335777399999984),45.335777399999984,-75.7849993,899968652
-8436347.5307314,5674538.57301508,2017--8971,627,,2017/10/07,15:00,GREENBANK RD @ HARRISON ST/ASHGROVE CRES (0000627),Intersection,03 - P.D. only,03 - Rear end,02 - Wet,02 - Rain,01 - Daylight,01 - Traffic signal,2,0,,,,,,,,,360839.6759,5022007.493,45.3357774,-75.78499929,8704,45.3357774,-75.7849993,137,POINT (-75.7849993 45.335777399999984),45.335777399999984,-75.7849993,899968652
-8436347.5307314,5674538.57301508,2018--14825,627,,2018/01/10,7:54,GREENBANK RD @ HARRISON ST/ASHGROVE CRES (0000627),Intersection,03 - P.D. only,03 - Rear end,06 - Ice,01 - Clear,03 - Dawn,01 - Traffic signal,4,0,,,,,,,,,360839.6759,5022007.493,45.3357774,-75.78499929,14268,45.3357774,-75.7849993,137,POINT (-75.7849993 45.335777399999984),45.335777399999984,-75.7849993,899968652
-8436347.5307314,5674538.57301508,2018--18194,627,,2018/04/17,17:29,GREENBANK RD @ HARRISON ST/ASHGROVE CRES (0000627),Intersection,03 - P.D. only,03 - Rear end,02 - Wet,03 - Snow,01 - Daylight,01 - Traffic signal,2,0,,,,,,,,,360839.6759,5022007.493,45.3357774,-75.78499929,18883,45.3357774,-75.7849993,137,POINT (-75.7849993 45.335777399999984),45.335777399999984,-75.7849993,899968652
-8436347.5307314,5674538.57301508,2018--21701,627,,2018/08/10,15:30,GREENBANK RD @ HARRISON ST/ASHGROVE CRES (0000627),Intersection,03 - P.D. only,05 - Turning movement,01 - Dry,01 - Clear,01 - Daylight,01 - Traffic signal,2,0,,,,,,,,,360839.6759,5022007.493,45.3357774,-75.78499929,21046,45.3357774,-75.7849993,137,POINT (-75.7849993 45.335777399999984),45.335777399999984,-75.7849993,899968652
-8436347.5307314,5674538.57301508,2019--35647,627,,2019/06/19,7:21,GREENBANK RD @ HARRISON ST/ASHGROVE CRES (0000627),Intersection,02 - Non-fatal injury,03 - Rear end,01 - Dry,01 - Clear,01 - Daylight,01 - Traffic signal,2,0,,,02 - Minor,1.0,,1.0,,,360839.6759,5022007.493,45.3357774,-75.78499929,35292,45.3357774,-75.7849993,137,POINT (-75.7849993 45.335777399999984),45.335777399999984,-75.7849993,899968652
-8436347.5307314,5674538.57301508,2019--36122,627,,2019/07/03,8:48,GREENBANK RD @ HARRISON ST/ASHGROVE CRES (0000627),Intersection,03 - P.D. only,07 - SMV other,01 - Dry,01 - Clear,01 - Daylight,01 - Traffic signal,1,0,,,,,,,,,360839.6759,5022007.493,45.3357774,-75.78499929,36407,45.3357774,-75.7849993,137,POINT (-75.7849993 45.335777399999984),45.335777399999984,-75.7849993,899968652
-8436347.5307314,5674538.57301508,2020--46665,627,,2020/01/29,14:56,GREENBANK RD @ HARRISON ST/ASHGROVE CRES (0000627),Intersection,02 - Non-fatal injury,05 - Turning movement,01 - Dry,01 - Clear,01 - Daylight,01 - Traffic signal,2,0,,,02 - Minor,3.0,,3.0,,,360839.6759,5022007.493,45.3357774,-75.78499929,46658,45.3357774,-75.7849993,137,POINT (-75.7849993 45.335777399999984),45.335777399999984,-75.7849993,899968652
-8436347.5307314,5674538.57301508,2020--51649,627,,2020/09/19,16:08,GREENBANK RD @ HARRISON ST/ASHGROVE CRES (0000627),Intersection,02 - Non-fatal injury,07 - SMV other,01 - Dry,01 - Clear,01 - Daylight,01 - Traffic signal,1,1,,,02 - Minor,1.0,,1.0,,,360839.6759,5022007.493,45.3357774,-75.78499929,51681,45.3357774,-75.7849993,137,POINT (-75.7849993 45.335777399999984),45.335777399999984,-75.7849993,899968652
-8436347.5307314,5674538.57301508,2020--53548,627,,2020/12/08,15:12,GREENBANK RD @ HARRISON ST/ASHGROVE CRES (0000627),Intersection,02 - Non-fatal injury,07 - SMV other,01 - Dry,01 - Clear,01 - Daylight,01 - Traffic signal,1,1,,,02 - Minor,1.0,,1.0,,,360839.6759,5022007.493,45.3357774,-75.78499929,53377,45.3357774,-75.7849993,137,POINT (-75.7849993 45.335777399999984),45.335777399999984,-75.7849993,899968652
-8436347.5307314,5674538.57301508,2020--53278,627,,2020/11/28,12:26,GREENBANK RD @ HARRISON ST/ASHGROVE CRES (0000627),Intersection,03 - P.D. only,03 - Rear end,01 - Dry,01 - Clear,01 - Daylight,01 - Traffic signal,2,0,,,,,,,,,360839.6759,5022007.493,45.3357774,-75.78499929,53978,45.3357774,-75.7849993,137,POINT (-75.7849993 45.335777399999984),45.335777399999984,-75.7849993,899968652
-8436347.5307314,5674538.57301508,2021--56567,627,,2021/02/22,18:41,GREENBANK RD @ HARRISON ST/ASHGROVE CRES (0000627),Intersection,03 - P.D. only,03 - Rear end,03 - Loose snow,03 - Snow,07 - Dark,01 - Traffic signal,2,0,,,,,,,,,360839.6759,5022007.493,45.3357774,-75.78499929,56514,45.3357774,-75.7849993,137,POINT (-75.7849993 45.335777399999984),45.335777399999984,-75.7849993,899968652
-8436347.5307314,5674538.57301508,2021--61994,627,,2021/10/29,14:30,GREENBANK RD @ HARRISON ST/ASHGROVE CRES (0000627),Intersection,02 - Non-fatal injury,07 - SMV other,01 - Dry,01 - Clear,01 - Daylight,01 - Traffic signal,1,1,,,02 - Minor,1.0,,1.0,,,360839.6759,5022007.493,45.3357774,-75.78499929,61785,45.3357774,-75.7849993,137,POINT (-75.7849993 45.335777399999984),45.335777399999984,-75.7849993,899968652
-8436347.5307314,5674538.57301508,2021--63442,627,,2021/12/13,18:39,GREENBANK RD @ HARRISON ST/ASHGROVE CRES (0000627),Intersection,03 - P.D. only,04 - Sideswipe,01 - Dry,01 - Clear,07 - Dark,01 - Traffic signal,2,0,,,,,,,,,360839.6759,5022007.493,45.3357774,-75.78499929,63556,45.3357774,-75.7849993,137,POINT (-75.7849993 45.335777399999984),45.335777399999984,-75.7849993,899968652
-8419506.51258616,5674835.87724706,2017--5046,4175,,2017/06/01,8:28,ALBION RD @ LESTER RD (0004175),Intersection,03 - P.D. only,03 - Rear end,01 - Dry,01 - Clear,01 - Daylight,01 - Traffic signal,2,0,,,,,,,,,372694.737,5022332.501,45.33765476,-75.63371385,5102,45.3376548,-75.6337139,1088,POINT (-75.6337139 45.33765479999999),45.33765479999999,-75.6337139,3239864578
-8419506.51258616,5674835.87724706,2017--5918,4175,,2017/06/28,21:33,ALBION RD @ LESTER RD (0004175),Intersection,03 - P.D. only,03 - Rear end,01 - Dry,01 - Clear,07 - Dark,01 - Traffic signal,2,0,,,,,,,,,372694.737,5022332.501,45.33765476,-75.63371385,5282,45.3376548,-75.6337139,1088,POINT (-75.6337139 45.33765479999999),45.33765479999999,-75.6337139,3239864578
-8419506.51258616,5674835.87724706,2017--6011,4175,,2017/07/01,14:23,ALBION RD @ LESTER RD (0004175),Intersection,02 - Non-fatal injury,02 - Angle,01 - Dry,01 - Clear,01 - Daylight,01 - Traffic signal,2,0,,,02 - Minor,1.0,,1.0,,,372694.737,5022332.501,45.33765476,-75.63371385,6472,45.3376548,-75.6337139,1088,POINT (-75.6337139 45.33765479999999),45.33765479999999,-75.6337139,3239864578
-8419506.51258616,5674835.87724706,2017--6017,4175,,2017/07/01,22:01,ALBION RD @ LESTER RD (0004175),Intersection,03 - P.D. only,05 - Turning movement,02 - Wet,02 - Rain,07 - Dark,01 - Traffic signal,2,0,,,,,,,,,372694.737,5022332.501,45.33765476,-75.63371385,6605,45.3376548,-75.6337139,1088,POINT (-75.6337139 45.33765479999999),45.33765479999999,-75.6337139,3239864578
-8419506.51258616,5674835.87724706,2017--10215,4175,,2017/11/12,20:13,ALBION RD @ LESTER RD (0004175),Intersection,03 - P.D. only,05 - Turning movement,01 - Dry,01 - Clear,07 - Dark,01 - Traffic signal,2,0,,,,,,,,,372694.737,5022332.501,45.33765476,-75.63371385,10495,45.3376548,-75.6337139,1088,POINT (-75.6337139 45.33765479999999),45.33765479999999,-75.6337139,3239864578
-8419506.51258616,5674835.87724706,2018--18916,4175,,2018/05/10,17:45,ALBION RD @ LESTER RD (0004175),Intersection,03 - P.D. only,05 - Turning movement,01 - Dry,01 - Clear,01 - Daylight,01 - Traffic signal,2,0,,,,,,,,,372694.737,5022332.501,45.33765476,-75.63371385,18164,45.3376548,-75.6337139,1088,POINT (-75.6337139 45.33765479999999),45.33765479999999,-75.6337139,3239864578
-8419506.51258616,5674835.87724706,2018--23398,4175,,2018/10/02,11:53,ALBION RD @ LESTER RD (0004175),Intersection,03 - P.D. only,02 - Angle,02 - Wet,02 - Rain,01 - Daylight,01 - Traffic signal,2,0,,,,,,,,,372694.737,5022332.501,45.33765476,-75.63371385,23738,45.3376548,-75.6337139,1088,POINT (-75.6337139 45.33765479999999),45.33765479999999,-75.6337139,3239864578
-8419506.51258616,5674835.87724706,2018--24266,4175,,2018/10/25,18:36,ALBION RD @ LESTER RD (0004175),Intersection,03 - P.D. only,02 - Angle,01 - Dry,01 - Clear,07 - Dark,01 - Traffic signal,2,0,,,,,,,,,372694.737,5022332.501,45.33765476,-75.63371385,24441,45.3376548,-75.6337139,1088,POINT (-75.6337139 45.33765479999999),45.33765479999999,-75.6337139,3239864578
-8419506.51258616,5674835.87724706,2018--26333,4175,,2018/12/13,7:33,ALBION RD @ LESTER RD (0004175),Intersection,03 - P.D. only,03 - Rear end,01 - Dry,01 - Clear,03 - Dawn,01 - Traffic signal,2,0,,,,,,,,,372694.737,5022332.501,45.33765476,-75.63371385,26419,45.3376548,-75.6337139,1088,POINT (-75.6337139 45.33765479999999),45.33765479999999,-75.6337139,3239864578
-8419506.51258616,5674835.87724706,2018--26733,4175,,2018/12/20,17:59,ALBION RD @ LESTER RD (0004175),Intersection,02 - Non-fatal injury,05 - Turning movement,01 - Dry,01 - Clear,07 - Dark,01 - Traffic signal,2,0,,,02 - Minor,1.0,,1.0,,,372694.737,5022332.501,45.33765476,-75.63371385,26750,45.3376548,-75.6337139,1088,POINT (-75.6337139 45.33765479999999),45.33765479999999,-75.6337139,3239864578
-8419506.51258616,5674835.87724706,2019--29048,4175,,2019/01/04,11:26,ALBION RD @ LESTER RD (0004175),Intersection,03 - P.D. only,05 - Turning movement,02 - Wet,01 - Clear,01 - Daylight,01 - Traffic signal,2,0,,,,,,,,,372694.737,5022332.501,45.33765476,-75.63371385,29669,45.3376548,-75.6337139,1088,POINT (-75.6337139 45.33765479999999),45.33765479999999,-75.6337139,3239864578
-8419506.51258616,5674835.87724706,2019--30649,4175,,2019/02/01,16:39,ALBION RD @ LESTER RD (0004175),Intersection,02 - Non-fatal injury,02 - Angle,01 - Dry,01 - Clear,01 - Daylight,01 - Traffic signal,3,0,,,02 - Minor,2.0,,2.0,,,372694.737,5022332.501,45.33765476,-75.63371385,30051,45.3376548,-75.6337139,1088,POINT (-75.6337139 45.33765479999999),45.33765479999999,-75.6337139,3239864578
-8419506.51258616,5674835.87724706,2019--32443,4175,,2019/03/14,7:58,ALBION RD @ LESTER RD (0004175),Intersection,03 - P.D. only,03 - Rear end,02 - Wet,01 - Clear,01 - Daylight,01 - Traffic signal,4,0,,,,,,,,,372694.737,5022332.501,45.33765476,-75.63371385,32047,45.3376548,-75.6337139,1088,POINT (-75.6337139 45.33765479999999),45.33765479999999,-75.6337139,3239864578
-8419506.51258616,5674835.87724706,2019--32291,4175,,2019/03/10,14:47,ALBION RD @ LESTER RD (0004175),Intersection,03 - P.D. only,02 - Angle,03 - Loose snow,03 - Snow,01 - Daylight,01 - Traffic signal,2,0,,,,,,,,,372694.737,5022332.501,45.33765476,-75.63371385,32902,45.3376548,-75.6337139,1088,POINT (-75.6337139 45.33765479999999),45.33765479999999,-75.6337139,3239864578
-8419506.51258616,5674835.87724706,2019--32582,4175,,2019/03/19,7:17,ALBION RD @ LESTER RD (0004175),Intersection,03 - P.D. only,03 - Rear end,01 - Dry,01 - Clear,01 - Daylight,01 - Traffic signal,2,0,,,,,,,,,372694.737,5022332.501,45.33765476,-75.63371385,32927,45.3376548,-75.6337139,1088,POINT (-75.6337139 45.33765479999999),45.33765479999999,-75.6337139,3239864578
-8419506.51258616,5674835.87724706,2019--33102,4175,,2019/04/05,20:36,ALBION RD @ LESTER RD (0004175),Intersection,02 - Non-fatal injury,05 - Turning movement,02 - Wet,03 - Snow,07 - Dark,01 - Traffic signal,2,0,,,02 - Minor,2.0,,2.0,,,372694.737,5022332.501,45.33765476,-75.63371385,33213,45.3376548,-75.6337139,1088,POINT (-75.6337139 45.33765479999999),45.33765479999999,-75.6337139,3239864578
-8419506.51258616,5674835.87724706,2019--35471,4175,,2019/06/13,16:40,ALBION RD @ LESTER RD (0004175),Intersection,02 - Non-fatal injury,03 - Rear end,02 - Wet,02 - Rain,01 - Daylight,01 - Traffic signal,2,0,,,01 - Minimal,1.0,1.0,,,,372694.737,5022332.501,45.33765476,-75.63371385,35456,45.3376548,-75.6337139,1088,POINT (-75.6337139 45.33765479999999),45.33765479999999,-75.6337139,3239864578
-8419506.51258616,5674835.87724706,2019--36656,4175,,2019/07/18,7:31,ALBION RD @ LESTER RD (0004175),Intersection,02 - Non-fatal injury,07 - SMV other,01 - Dry,01 - Clear,01 - Daylight,01 - Traffic signal,1,1,,,01 - Minimal,1.0,1.0,,,,372694.737,5022332.501,45.33765476,-75.63371385,36689,45.3376548,-75.6337139,1088,POINT (-75.6337139 45.33765479999999),45.33765479999999,-75.6337139,3239864578
-8419506.51258616,5674835.87724706,2019--41251,4175,,2019/11/15,7:20,ALBION RD @ LESTER RD (0004175),Intersection,03 - P.D. only,03 - Rear end,02 - Wet,01 - Clear,01 - Daylight,01 - Traffic signal,2,0,,,,,,,,,372694.737,5022332.501,45.33765476,-75.63371385,41636,45.3376548,-75.6337139,1088,POINT (-75.6337139 45.33765479999999),45.33765479999999,-75.6337139,3239864578
-8419506.51258616,5674835.87724706,2020--47907,4175,,2020/02/26,17:12,ALBION RD @ LESTER RD (0004175),Intersection,03 - P.D. only,03 - Rear end,01 - Dry,01 - Clear,01 - Daylight,01 - Traffic signal,2,0,,,,,,,,,372694.737,5022332.501,45.33765476,-75.63371385,47348,45.3376548,-75.6337139,1088,POINT (-75.6337139 45.33765479999999),45.33765479999999,-75.6337139,3239864578
-8419506.51258616,5674835.87724706,2020--49687,4175,,2020/06/16,21:55,ALBION RD @ LESTER RD (0004175),Intersection,03 - P.D. only,03 - Rear end,01 - Dry,01 - Clear,07 - Dark,01 - Traffic signal,2,0,,,,,,,,,372694.737,5022332.501,45.33765476,-75.63371385,49209,45.3376548,-75.6337139,1088,POINT (-75.6337139 45.33765479999999),45.33765479999999,-75.6337139,3239864578
-8419506.51258616,5674835.87724706,2020--51895,4175,,2020/10/01,7:06,ALBION RD @ LESTER RD (0004175),Intersection,02 - Non-fatal injury,05 - Turning movement,01 - Dry,01 - Clear,01 - Daylight,01 - Traffic signal,3,0,,,02 - Minor,1.0,,1.0,,,372694.737,5022332.501,45.33765476,-75.63371385,51286,45.3376548,-75.6337139,1088,POINT (-75.6337139 45.33765479999999),45.33765479999999,-75.6337139,3239864578
-8419506.51258616,5674835.87724706,2021--56547,4175,,2021/02/22,12:16,ALBION RD @ LESTER RD (0004175),Intersection,03 - P.D. only,03 - Rear end,05 - Packed snow,03 - Snow,01 - Daylight,01 - Traffic signal,2,0,,,,,,,,,372694.737,5022332.501,45.33765476,-75.63371385,56494,45.3376548,-75.6337139,1088,POINT (-75.6337139 45.33765479999999),45.33765479999999,-75.6337139,3239864578
-8419506.51258616,5674835.87724706,2021--56731,4175,,2021/02/25,15:50,ALBION RD @ LESTER RD (0004175),Intersection,03 - P.D. only,03 - Rear end,02 - Wet,01 - Clear,01 - Daylight,01 - Traffic signal,2,0,,,,,,,,,372694.737,5022332.501,45.33765476,-75.63371385,56566,45.3376548,-75.6337139,1088,POINT (-75.6337139 45.33765479999999),45.33765479999999,-75.6337139,3239864578
-8419506.51258616,5674835.87724706,2022--68039,4175,,2022/04/08,0:10,ALBION RD @ LESTER RD (0004175),Intersection,02 - Non-fatal injury,07 - SMV other,02 - Wet,02 - Rain,07 - Dark,01 - Traffic signal,1,0,,,01 - Minimal,1.0,1.0,,,,372694.737,5022332.501,45.33765476,-75.63371385,68398,45.3376548,-75.6337139,1088,POINT (-75.6337139 45.33765479999999),45.33765479999999,-75.6337139,3239864578
-8419506.51258616,5674835.87724706,2022--72618,4175,,2022/10/26,7:30,ALBION RD @ LESTER RD (0004175),Intersection,03 - P.D. only,05 - Turning movement,01 - Dry,01 - Clear,01 - Daylight,01 - Traffic signal,2,0,,,,,,,,,372694.737,5022332.501,45.33765476,-75.63371385,72820,45.3376548,-75.6337139,1088,POINT (-75.6337139 45.33765479999999),45.33765479999999,-75.6337139,3239864578
-8421628.95894069,5689159.28994023,2017--5709,8513,,2017/06/22,8:35,LOLA ST @ DONALD ST (0008513),Intersection,03 - P.D. only,01 - Approaching,01 - Dry,01 - Clear,01 - Daylight,01 - Traffic signal,2,0,,,,,,,,,371094.7151,5032359.58,45.42802778,-75.65278011,5384,45.4280278,-75.6527801,410,POINT (-75.6527801 45.4280278),45.4280278,-75.6527801,901150957
-8421628.95894069,5689159.28994023,2017--11746,8513,,2017/12/15,16:05,LOLA ST @ DONALD ST (0008513),Intersection,03 - P.D. only,02 - Angle,03 - Loose snow,03 - Snow,05 - Dusk,01 - Traffic signal,2,0,,,,,,,,,371094.7151,5032359.58,45.42802778,-75.65278011,11196,45.4280278,-75.6527801,410,POINT (-75.6527801 45.4280278),45.4280278,-75.6527801,901150957
-8421628.95894069,5689159.28994023,2018--20683,8513,,2018/07/07,4:44,LOLA ST @ DONALD ST (0008513),Intersection,03 - P.D. only,03 - Rear end,01 - Dry,01 - Clear,07 - Dark,01 - Traffic signal,2,0,,,,,,,,,371094.7151,5032359.58,45.42802778,-75.65278011,20929,45.4280278,-75.6527801,410,POINT (-75.6527801 45.4280278),45.4280278,-75.6527801,901150957
-8421628.95894069,5689159.28994023,2018--21770,8513,,2018/08/14,8:28,LOLA ST @ DONALD ST (0008513),Intersection,03 - P.D. only,02 - Angle,01 - Dry,01 - Clear,01 - Daylight,01 - Traffic signal,2,0,,,,,,,,,371094.7151,5032359.58,45.42802778,-75.65278011,21717,45.4280278,-75.6527801,410,POINT (-75.6527801 45.4280278),45.4280278,-75.6527801,901150957
-8421628.95894069,5689159.28994023,2019--29562,8513,,2019/01/16,11:08,LOLA ST @ DONALD ST (0008513),Intersection,03 - P.D. only,02 - Angle,02 - Wet,03 - Snow,01 - Daylight,01 - Traffic signal,2,0,,,,,,,,,371094.7151,5032359.58,45.42802778,-75.65278011,29830,45.4280278,-75.6527801,410,POINT (-75.6527801 45.4280278),45.4280278,-75.6527801,901150957
-8421628.95894069,5689159.28994023,2019--32495,8513,,2019/03/13,18:30,LOLA ST @ DONALD ST (0008513),Intersection,03 - P.D. only,03 - Rear end,06 - Ice,03 - Snow,05 - Dusk,01 - Traffic signal,2,0,,,,,,,,,371094.7151,5032359.58,45.42802778,-75.65278011,32102,45.4280278,-75.6527801,410,POINT (-75.6527801 45.4280278),45.4280278,-75.6527801,901150957
-8421628.95894069,5689159.28994023,2019--38026,8513,,2019/08/26,21:02,LOLA ST @ DONALD ST (0008513),Intersection,02 - Non-fatal injury,05 - Turning movement,01 - Dry,01 - Clear,07 - Dark,01 - Traffic signal,2,0,,,02 - Minor,1.0,,1.0,,,371094.7151,5032359.58,45.42802778,-75.65278011,38418,45.4280278,-75.6527801,410,POINT (-75.6527801 45.4280278),45.4280278,-75.6527801,901150957
-8421628.95894069,5689159.28994023,2019--40717,8513,,2019/11/05,5:41,LOLA ST @ DONALD ST (0008513),Intersection,03 - P.D. only,02 - Angle,01 - Dry,01 - Clear,07 - Dark,01 - Traffic signal,2,0,,,,,,,,,371094.7151,5032359.58,45.42802778,-75.65278011,40317,45.4280278,-75.6527801,410,POINT (-75.6527801 45.4280278),45.4280278,-75.6527801,901150957
-8421628.95894069,5689159.28994023,2020--49502,8513,,2020/06/05,13:15,LOLA ST @ DONALD ST (0008513),Intersection,02 - Non-fatal injury,03 - Rear end,01 - Dry,01 - Clear,01 - Daylight,01 - Traffic signal,2,0,,,02 - Minor,2.0,1.0,1.0,,,371094.7151,5032359.58,45.42802778,-75.65278011,49224,45.4280278,-75.6527801,410,POINT (-75.6527801 45.4280278),45.4280278,-75.6527801,901150957
-8421628.95894069,5689159.28994023,2020--52535,8513,,2020/10/31,9:50,LOLA ST @ DONALD ST (0008513),Intersection,03 - P.D. only,03 - Rear end,01 - Dry,01 - Clear,01 - Daylight,01 - Traffic signal,2,0,,,,,,,,,371094.7151,5032359.58,45.42802778,-75.65278011,52035,45.4280278,-75.6527801,410,POINT (-75.6527801 45.4280278),45.4280278,-75.6527801,901150957
-8421628.95894069,5689159.28994023,2020--54040,8513,,2020/12/28,18:05,LOLA ST @ DONALD ST (0008513),Intersection,02 - Non-fatal injury,07 - SMV other,02 - Wet,01 - Clear,07 - Dark,01 - Traffic signal,1,1,,,02 - Minor,1.0,,1.0,,,371094.7151,5032359.58,45.42802778,-75.65278011,54684,45.4280278,-75.6527801,410,POINT (-75.6527801 45.4280278),45.4280278,-75.6527801,901150957
-8421628.95894069,5689159.28994023,2021--61334,8513,,2021/10/03,12:10,LOLA ST @ DONALD ST (0008513),Intersection,03 - P.D. only,02 - Angle,02 - Wet,02 - Rain,01 - Daylight,01 - Traffic signal,2,0,,,,,,,,,371094.7151,5032359.58,45.42802778,-75.65278011,61669,45.4280278,-75.6527801,410,POINT (-75.6527801 45.4280278),45.4280278,-75.6527801,901150957
-8432214.40613068,5676065.64635954,2017--5349,1752,,2017/06/10,15:16,MEADOWLANDS DR @ VIEWMOUNT DR (0001752),Intersection,03 - P.D. only,03 - Rear end,01 - Dry,01 - Clear,01 - Daylight,01 - Traffic signal,3,0,,,,,,,,,363739.6921,5023105.505,45.34541961,-75.7478708,5587,45.3454196,-75.7478708,603,POINT (-75.7478708 45.34541959999999),45.34541959999999,-75.7478708,901796163
-8432214.40613068,5676065.64635954,2018--15726,1752,,2018/02/01,8:53,MEADOWLANDS DR @ VIEWMOUNT DR (0001752),Intersection,03 - P.D. only,03 - Rear end,03 - Loose snow,03 - Snow,01 - Daylight,01 - Traffic signal,2,0,,,,,,,,,363739.6921,5023105.505,45.34541961,-75.7478708,15432,45.3454196,-75.7478708,603,POINT (-75.7478708 45.34541959999999),45.34541959999999,-75.7478708,901796163
-8432214.40613068,5676065.64635954,2019--31561,1752,,2019/02/20,8:10,MEADOWLANDS DR @ VIEWMOUNT DR (0001752),Intersection,03 - P.D. only,03 - Rear end,01 - Dry,01 - Clear,01 - Daylight,01 - Traffic signal,2,0,,,,,,,,,363739.6921,5023105.505,45.34541961,-75.7478708,31734,45.3454196,-75.7478708,603,POINT (-75.7478708 45.34541959999999),45.34541959999999,-75.7478708,901796163
-8432214.40613068,5676065.64635954,2019--40749,1752,,2019/11/05,16:39,MEADOWLANDS DR @ VIEWMOUNT DR (0001752),Intersection,02 - Non-fatal injury,03 - Rear end,01 - Dry,01 - Clear,05 - Dusk,01 - Traffic signal,2,0,,,01 - Minimal,1.0,1.0,,,,363739.6921,5023105.505,45.34541961,-75.7478708,40398,45.3454196,-75.7478708,603,POINT (-75.7478708 45.34541959999999),45.34541959999999,-75.7478708,901796163
-8432214.40613068,5676065.64635954,2019--41890,1752,,2019/11/29,17:04,MEADOWLANDS DR @ VIEWMOUNT DR (0001752),Intersection,03 - P.D. only,03 - Rear end,01 - Dry,01 - Clear,07 - Dark,01 - Traffic signal,4,0,,,,,,,,,363739.6921,5023105.505,45.34541961,-75.7478708,41101,45.3454196,-75.7478708,603,POINT (-75.7478708 45.34541959999999),45.34541959999999,-75.7478708,901796163
-8432214.40613068,5676065.64635954,2019--41031,1752,,2019/11/11,16:45,MEADOWLANDS DR @ VIEWMOUNT DR (0001752),Intersection,03 - P.D. only,02 - Angle,03 - Loose snow,03 - Snow,05 - Dusk,01 - Traffic signal,2,0,,,,,,,,,363739.6921,5023105.505,45.34541961,-75.7478708,41452,45.3454196,-75.7478708,603,POINT (-75.7478708 45.34541959999999),45.34541959999999,-75.7478708,901796163
-8432214.40613068,5676065.64635954,2020--51289,1752,,2020/09/03,8:59,MEADOWLANDS DR @ VIEWMOUNT DR (0001752),Intersection,02 - Non-fatal injury,03 - Rear end,01 - Dry,01 - Clear,01 - Daylight,01 - Traffic signal,3,0,,,02 - Minor,1.0,,1.0,,,363739.6921,5023105.505,45.34541961,-75.7478708,51921,45.3454196,-75.7478708,603,POINT (-75.7478708 45.34541959999999),45.34541959999999,-75.7478708,901796163
-8404098.06051517,5657271.52038341,2017--6446,1080,,2017/07/18,9:31,BANK ST @ SNAKE ISLAND RD/VICTORIA ST (0001080),Intersection,02 - Non-fatal injury,07 - SMV other,01 - Dry,01 - Clear,01 - Daylight,01 - Traffic signal,1,0,,,02 - Minor,1.0,,1.0,,,383696.7871,5010121.412,45.22663593,-75.49529737,6703,45.2266359,-75.4952974,748,POINT (-75.4952974 45.2266359),45.2266359,-75.4952974,983627465